province,name,address
上海,闸北店,上海市闸北区共和新路3318号
上海,杨浦店,上海市杨浦区黄兴路1618号
苏州,东环店,苏州市工业园区东环路1500号大道与东环路交叉口
南京,瑞金店,南京市秦淮区龙蟠中路260号
上海,大华店,上海市华灵路1051号
嘉兴,秀洲店,嘉兴市中山西路611号
苏州,常熟店,常熟市琴湖路168号
常州,关河店,常州市关河东路58号
南通,八仙城店,南通市崇川区人民中路29号
扬州,邗江店,扬州市邗江路2号
苏州,昆山店,昆山市开发区朝阳中路518号518号
无锡,滨湖店,无锡市青祁路66号
苏州,苏福店,苏州市解放东路13号
苏州,张家港店,张家港市杨舍镇沙洲中路288号
湖州,湖州店,湖州市滨河路666号
徐州,西关建国店,徐州市煤建路8号
马鞍山,马鞍山店,马鞍山市花山区湖北东路518号
南京,龙江店,南京市草场门大街95号
南京,鼓楼店,南京市玄武区丹凤街街道39号
上海,松江店,上海市松江区荣乐中路552-652号
衢州,衢州店,衢州市三衢路238号
苏州,何山店,苏州市高新区滨河路1823号
上海,春申店,上海市闵行区春申路2801号
宁波,北仑店,宁波市北仑区新大路1229号西区201
无锡,江阴店,江阴市延陵路528号
上海,康桥店,上海市南汇区康桥镇秀沿路1132-1180号
镇江,润州店,镇江市中山东路382号
杭州,富阳店,富阳市富春街道孙权路209号
苏州,吴江店,吴江市松陵镇笠泽路155号
无锡,宜兴店,宜兴市宜城镇阳羡东路358号
常州,溧阳店,溧阳市燕山中路11号
上海,大宁店,上海市闸北区共和新路2008号
苏州,相城店,苏州市相城区经济开发区华元路99号
淮南,淮南店,淮南市国庆中路6号
泰州,泰兴店,泰兴市中兴大道169号
上海,奉贤店,上海市奉贤区南桥镇南亭公路601号
扬州,广陵店,扬州市文昌中路168号
温州,瑞安店,瑞安市罗阳大道时代大厦大润发店
绍兴,上虞店,上虞市百官街道城北新区凤鸣路与市民大道交汇处
苏州,太仓店,太仓市城厢镇太平南路18号
绍兴,诸暨店,诸暨市苎萝东路195号
南通,如皋店,如皋市如城镇福寿路199号
南通,通州店,南通市通州区金沙镇建设路18号
苏州,盛泽店,吴江市盛泽镇舜新中路381号
上海,曹安店,上海市嘉定区新郁路807号
宿迁,宿迁店,宿迁市洪泽湖路98号
连云港,连云港店,连云港市新浦区郁州北路15号
嘉兴,平湖店,平湖市当湖街道新华中路519号
宁波,奉化店,奉化市南山路8号
常州,武进店,常州市武进区湖塘镇长虹中路与花园街东北角
合肥,清溪店,合肥市蜀山区合作化路与清溪路交叉口
宁波,慈溪店,慈溪市古塘街道北二环中路550号
上海,平型关店,上海市闸北区俞泾港路11号
盐城,建湖店,盐城市建湖县向阳西路128号
杭州,桐庐店,桐庐县桐君街道迎春南路359号
苏州,塘桥店,张家港市塘桥镇南京路828号
杭州,建德店,建德市严州大道988号
嘉兴,海盐店,海盐县新桥北路与文昌东路交接西南侧
苏州,浒关店,苏州高新区浒关镇文昌路301号
上海,三林店,上海市浦东新区长清路1200弄1号
常州,怀德店,常州市怀德中路133号
苏州,宝带店,苏州市沧浪区宝带西路1155号2幢
上海,泗泾店,上海市松江区泗泾镇横港路18弄68号
淮北,相王广场店,淮北市古城路和相山路交汇处西北角
盐城,东台店,东台市望海西路与红兰路交叉口西北角
芜湖,芜湖店,芜湖市北京中路10号
泰州,兴化店,兴化市英武南路168号
宿迁,沭阳店,沭阳县沭城镇上海南路与苏州西路交汇处
上海,华漕店,上海市闵行区繁兴路399弄2号
盐城,大丰店,大丰市幸福东大街七号
徐州,东关世茂店,徐州市三环东路与兵马俑路交汇西南角
镇江,句容店,句容市华阳东路与北大街交汇处西南角
嘉兴,嘉善店,嘉善县罗星街道施家南路318号
合肥,庐阳店,合肥市阜阳北路和凤台路的西北角
阜阳,阜阳店,阜阳市颍河西路和中南大道交汇处
杭州,石桥店,杭州市下城区石桥路399号
盐城,滨海店,滨海县人民中路62号
宁波,观海卫店,慈溪市观附公路与观海卫路交叉口西北角
宁波,象山店,宁波市象山县丹东街道丹南路570号
苏州,千灯店,昆山市千灯镇尚书路8号
盐城,盐南店,盐城市解放南路239号
合肥,翡翠店,合肥经济技术开发区翡翠路与繁华大道交叉口西南角
宿州,宿州店,宿州市东昌路与顺河路交汇处西南角
台州,黄岩店,台州市黄岩区洞天路160号
南通,任港店,南通市任港路50号
淮安,涟水店,淮安市涟水县常青西路1号
温州,龙港店,龙港市西城路以北、规划路以东、镇府路以西
安庆,安庆店,安徽省安庆市大观区湖心中路与市府路交汇处汇峰广场
黄山,黄山店,黄山市屯溪区跃进路新黄山商业步行街
金华,永康店,永康市九铃东路3117号
无锡,城南店,宜兴市宜城街道氿滨南路126号
盐城,先峰岛店,盐城市建军西路北侧，小海路西侧
连云港,中山西路店,连云港市连云区中山西路与平山路交汇处
泰州,高港店,泰州市高港区金港中路1号
苏州,金港店,张家港市金港镇黄泗浦西路1号
镇江,京口店,镇江市京口区老山路与焦山路西北侧
上海,美兰湖店,上海市宝山区月罗路2380号1幢
扬州,维扬店,扬州市竹西路2号
合肥,望江店,安徽省合肥市包河区望江东路与当涂路交口西北角
苏州,广济店,苏州市金阊区广济南路19号
上海,安亭店,上海市嘉定区墨玉南路1099号
滁州,定远店,滁州市定远县鲁肃大道与黎明路交叉口东南角
宣城,广德店,安徽省广德市万桂山路与玮二路西南角
芜湖,南陵店,南陵县籍山镇文庙路与利民路东北
宿迁,泗洪店,泗洪县泗州大道与青阳路交汇处（富源广场）
池州,池州店,池州市贵池区长江中路与翠微路交叉口西北角
无锡,凤宾路店,无锡市北塘区凤宾路与民丰路交汇处
蚌埠,明珠店,蚌埠市解放路与凤阳东路交叉口西北角
金华,金华店,浙江省金华市八一南街1159？（印象城）
马鞍山,当涂店,马鞍山市当涂县青莲路与振兴路交叉口西北角
苏州,前进店,昆山市开发区前进东路205号
镇江,大港店,镇江市新区大港扬子江路123号
上海,泥城店,上海市浦东新区南芦公路1757号
滁州,滁州店,滁州市琅琊区丰乐大道475号
南京,溧水店,溧水县永阳镇天生桥大道与致远路交汇处
淮安,淮阴店,淮安市承德北路与黄河路交汇处东北角
淮安,盱眙店,淮安市盱眙县都梁大道与东湖南路交汇处
芜湖,繁昌店,芜湖市繁昌县繁阳镇迎春东路与环城东路交汇处西北角
淮北,相山店,淮北市相山路与南黎路交口东北角
宣城,宣州店,安徽省宣城市宣州区梅溪路与昭亭南路交汇处西南角
杭州,市心店,萧山区北干街道市心中路123-A号
铜陵,铜陵店,铜陵市石城大道与翠湖一路交汇处东北角
苏州,吴江南店,吴江市吴江中山南路1088号
常州,丽华店,常州市天宁区天鹅湖花园16幢
淮安,公园店,淮安市南昌路与威海路交汇处东北角
淮安,洪泽店,淮安市洪泽县北京路86号
盐城,射阳店,射阳县红旗路与健康路交界口
南通,北大街店,南通市港闸区北大街108号
丽水,丽水店,丽水市莲都区宇雷北路185号
泰州,靖江店,江苏省靖江市车站路与工农路交汇处
宿迁,泗阳店,泗阳县淮海中路与桃源北路交叉口
南京,浦口店,江苏省南京市浦口区江浦街道新浦路126号
绍兴,袍江店,绍兴袍江新区世纪街与环一直路交汇处东北角
扬州,江都店,仙女镇文昌东路1168号
蚌埠,文化广场店,蚌埠市兴业街555号宝龙城市广场
苏州,长江路店,苏州市高新区长江路556号(港龙城B幢)
阜阳,太和店,阜阳市太和县长征路中段东侧
徐州,南关欣欣店,徐州市泉州区北京路与欣欣路交汇处东北角
无锡,盛岸西路店,无锡市北塘区盛岸西路与新兴路交汇处东南角
上海,南翔店,上海市嘉定区沪宜公路1000号
淮安,淮安店,淮安市楚州区翔宇大道与北门大街交汇处(东南角)
绍兴,柯桥店,绍兴市柯桥区兴越路与湖西路交汇处东南角
台州,玉环店,玉环县榴岛大道与珠港大道交叉口
苏州,木渎店,苏州市吴中区木渎镇中山东路88号
衢州,江山店,浙江省江山市双塔街道城北广场98号
阜阳,临泉店,安徽省阜阳市临泉县解放路与纬六路交汇处西北角
芜湖,湾沚店,安徽省芜湖市湾沚区世纪大道与迎宾大道交汇处东北角
蚌埠,怀远店,安徽省蚌埠市怀远县307省道及三桥路西南角处
温州,塘下店,瑞安市塘下镇中心大道与瑞安大道西南角紫荆假日广场
泰州,梅兰东路店,泰州市海陵区梅兰东路299号
南通,启东店,启东市民胜中路与灵秀中路交汇处
常州,遥观店,常州市武进区遥观镇今创路与中吴大道交汇处西南角
徐州,邳州店,邳州市瑞兴路与闽江路交界处
滁州,明光店,安徽省明光市明珠路与池河大道交叉口东北角
无锡,广瑞路店,无锡市锡沪中路55号
衢州,龙游店,浙江衢州龙游县老火车站北侧人民广场
南通,观音山店,南通市崇川区青年中路200号
无锡,锡山店,江苏省无锡市锡山区锡沪路南、润锡路东
六安,六安店,安徽省六安市金安区中市街道人民西路紫御府大发广场
池州,青阳店,安徽省池州市青阳县富阳南路与九子大道交汇处西南角
南通,星湖店,江苏省南通市经济技术开发区新东路101号
马鞍山,雨山店,马鞍山市雨山区湖南路与红旗路交叉口东南角
合肥,金寨南路店,安徽省合肥市肥西县青年路和金寨南路交叉口西北角
绍兴,大唐店,浙江省诸暨市大唐镇永新路1号
宣城,宁国店,安徽省宁国市宁阳东路与和平路西交汇处西南角
泰州,姜堰店,罗塘街道三水新都会26幢大润发
扬州,开发东路店,扬州市广陵区渡江南路128号
盐城,阜宁店,阜宁县阜城崔湾村四组（香港路与上海路交汇处东南角）
温州,龙湾店,温州龙湾区永中街道永中西路799
合肥,包河店,合肥市包河区庐州大道与紫云路交汇处东北角
扬州,蒋王店,扬州市博物馆路东侧、云顶街北侧
台州,路桥店,浙江省台州市路桥区银安街与银苑路东南角处
杭州,临平店,杭州市余杭区南苑街道迎宾路501号余之城3号楼201室
苏州,吴中店,江苏省苏州市吴中区东南路90号吴风生活广场
苏州,梅李镇店,常熟市梅李镇将军路128号润泰花园9幢
淮安,华信Mall店,淮安市清江浦区淮海北路49号负一层B1-01
宿迁,洋河新区店,宿迁市洋河新区酒醴路与发展大道交叉口南140米
绍兴,嵊州店,浙江省绍兴市嵊州市剡湖街道鹿山路6号鹿山广场133
苏州,花桥店,花桥镇西环路528号
南京,龙池店,龙池街道浦六楼6号天合广场2楼
马鞍山,马鞍山万达广场店,马鞍山市雨山区太白大道3200号马鞍山雨山万达广场B1
上海,大渡河店,上海市普陀区梅岭北路1098弄1号地下二层LG227、LG228
徐州,金地店,徐州市鼓楼区中山北路 6 号
阜阳,翰林广场店,城关镇国建翰林广场第五街区18号楼111铺
亳州,金桥店,安徽省亳州市谯城区光明东路金桥大厦商场202-203号
南通,R,启东市恒大海上威尼斯商业街703
扬州,宝应店,江苏省宝应县东阳路与南园路交叉处西北角
合肥,大融城店,安徽省合肥市包河区绿地大融城负一楼收货区
上海,中原店,上海杨浦区中原路102 号
上海,长阳店,上海杨浦区长阳路1750号
上海,南汇店,上海市南汇区人民西路955号
上海,蒙山北路店,上海金山石化蒙山北路399号
上海,嘉定店,博乐路99号
上海,澄浏店,上海市嘉定区澄浏中路3088号
上海,张江店,上海市浦东新区金科路3057号
上海,金都店,上海市闵行区都市路3759号龙盛广场地下2层
宁波,海曙店,宁波市翠柏路160号
宁波,江东店,宁波江东区百丈东路1188号
嘉兴,南湖店,嘉兴市中环东路1468号
宁波,镇海店,宁波市镇海区骆驼镇东邑北路580
宁波,高鑫广场店,宁波市新星路111号
宁波,洪塘店,浙江省宁波市江北区洪塘中路
舟山,舟山店,舟山市普陀区东港兴普大道266号
台州,东海店,台州椒江区东海大道455号
杭州,大关店,杭州市大关路 213 号
绍兴,胜利店,绍兴市胜利东路386号
湖州,长兴店,湖州市长兴县经一路238号
苏州,金鸡湖店,苏州市工业园区中新大道西181号
苏州,星塘店,江苏省苏州市工业园区淞江路18号
苏州,西二环店,吴江市盛泽镇西二环与市场路口
苏州,陆慕店,苏州相城区齐门北大街228号
苏州,黄河店,常熟市黄河路255号
苏州,前进西路店,昆山市白马泾路46号
苏州,东二环店,张家港市东二环路乘航西路路口
无锡,长江北路店,无锡市长江北路288号
无锡,蠡湖店,无锡市蠡湖大道99号
无锡,云林店,无锡市团结路3号
常州,勤业店,常州市勤业路285号
常州,永宁店,常州市永宁北路18号
南京,汉中门店,南京市汉中门大街151号
南京,江宁店,南京市江宁区秦淮路11号
芜湖,天门山店,安徽省芜湖市银湖中路1号
马鞍山,花雨店,马鞍山市江东大道与雨山路交叉口
芜湖,花津店,芜湖市弋江区花津南路66号
安庆,皖江店,安庆市迎江区独秀大道168号1
芜湖,鸠江店,安徽省芜湖市鸠江北路29号
蚌埠,蚌埠店,蚌埠市禹会区朝阳路851号
宿迁,台州南路店,宿迁市沭阳县台州南路68号乐之地
南通,海门店,海门市海门镇长江路东黄海路南侧
南通,工农店,南通市崇川区桃园路12号
南通,港闸店,南通市港闸区深南路68号
南通,如东店,南通市如东县掘港镇通海路9号
镇江,南环店,丹阳市南环路（东亚大酒店对面）
镇江,金陵西路店,丹阳市开发区金陵西路与凤凰路
常州,九洲店,常州市天宁区劳动西路与新艺路交汇处九洲新世界广场
济南,历下店,济南市历下区文化西路1号
济南,市中店,济南市市中区二七新村南路9号
烟台,芝罘店,烟台市芝罘区南大街166号
青岛,宁夏店,青岛市市南区宁夏路162号
济南,天桥店,济南市天桥区堤口路80号
保定,保定店,东风中路89号
淄博,淄博店,淄博市张店区华光路86号
威海,侨乡店,威海市环翠区海滨北路128号
天津,紫金山店,天津市河西区紫金山路与黑牛城道交口处(纪庄子桥北侧)
青岛,春阳店,青岛市城阳区城阳街道春阳路167号
唐山,华岩店,河北省唐山市路北区华岩北路9号
天津,大沽南路店,天津市河西区大沽南路与长湖路交汇处东南角
青岛,即墨店,青岛即墨市振华街与嵩山一路交汇处西南角
济宁,济宁店,济宁市琵琶山路与刘庄路交叉口
威海,荣成店,荣成市成山大道与台上南街交汇处
烟台,莱阳店,莱阳市龙门西路18号
潍坊,青州店,青州市云门山路与范公亭交汇处购物广场A段一层
济南,莱芜店,莱芜汶源大街以北花园北路以西
开封,解放店,自由路与解放大道交叉口
滨州,滨州店,滨州市黄河六路与渤海七路交叉口东南角
青岛,平度店,青岛平度市苏州路与济南路交汇处
泰安,泰安店,山东省泰安市泰山区东岳大街333号
郑州,陇海店,郑州市紫荆山路与陇海路交汇处东北角
威海,文登店,"文登市昆嵛路西,横山路北交汇处"
日照,日照店,日照市东港区海曲路与兖州路交汇处
青岛,长城店,城阳区长城路宝龙城市广场1号楼
鄂尔多斯,东胜店,内蒙古鄂尔多斯市东胜区伊金霍洛东街与准格尔北路交汇
青岛,崂山店,青岛市崂山区辽阳东路12号
枣庄,枣庄店,枣庄市市中区振兴北路109号
威海,世昌店,威海火炬高技术产业开发区世昌大道100号
承德,承德店,承德市武烈路与都统府大街交叉口处西北角
济源,济水店,济源市济水大街以北建设银行西侧
济南,章丘店,山东省章丘市山泉路南
济南,全福店,济南市历城区北园大街与二环东路西北角
青岛,阜安店,青岛胶州市广州北路187号
大同,西环店,城区大庆路与西环路交叉口
菏泽,曹县店,菏泽市曹县清荷南路与湘江西路交汇处（世纪名城大润发
临沂,蒙山店,山东省临沂市蒙山大道与北园路交汇处
烟台,福海路店,山东省烟台市福山区福海路与崇文路交汇处（大润广场
潍坊,奎文店,新华路与福寿街交叉口西南角
济宁,兖州店,兖州市龙桥路与建设路交叉口西北角
青岛,三里河店,青岛胶州市福州南路97号
济南,经十东路店,济南市经十路11899号
临沂,北城店,临沂市北城新区汶河路与天津路交汇处
烟台,莱州店,莱州市原行星机械厂光安路
枣庄,滕州店,滕州市荆河中路处
聊城,东昌店,聊城市东昌东路与花园路交叉口东200米路南
临沂,红旗店,临沂市人民广场北侧兰山区新华路28号
烟台,衡山店,烟台经济技术开发区衡山路58号
唐山,迁安店,迁安市钢城大街与和平路交汇处西北角
菏泽,黄河路店,山东省菏泽市牡丹区牡丹路与黄河路交叉口西南角
济南,小清河店,小清河南路10777号
青岛,长江西路店,青岛市黄岛区峨眉山路与长江西路交叉口
淄博,福园店,淄博市张店世纪路与共青团路交叉路交叉口东南角
唐山,路北店,河北省唐山市路北区智源里凤城现代广场103号负一层
北京,科兴店,北京丰台区邻枫路1号
北京,西红门店,欣宁街15号北京荟聚负1-2f
吉林,东市店,吉林市昌邑区成都路汇龙广场A座
齐齐哈尔,龙沙店,齐齐哈尔市龙沙区龙华路132号
沈阳,和平店,沈阳市和平区南京南街78号
锦州,古塔店,锦州市古塔区北二里锦州华庭18号
牡丹江,东安店,牡丹江市东安区东一步行街55号
营口,营口店,东风路19号
哈尔滨,南岗店,哈尔滨市南岗区宣化街402号
吉林,解放北路店,吉林市昌邑区解放北路149号
佳木斯,向阳店,佳木斯市向阳区长安路972号
鞍山,民生店,鞍山市铁西区九道街139号(甲)
沈阳,沈河店,沈阳市沈河区文艺路80号
吉林,船营店,吉林市船营区解放中路120号
哈尔滨,香坊店,哈尔滨市香坊区赣水路68号
齐齐哈尔,建华店,齐齐哈尔市建华区军校街300号
鞍山,中华店,鞍山市铁东区解放东路80号
朝阳,朝阳店,朝阳市朝阳大街二段81号
松原,铂金店,吉林省松原市铂金路599号
沈阳,苏家屯店,沈阳市苏家屯区迎春街141号
长春,长春店,汽车产业开发区创业大街456号
通辽,通辽店,霍林河大街152号a楼
葫芦岛,葫芦岛店,葫芦岛市龙港区龙湾大街170号楼
哈尔滨,道外店,哈尔滨市道外区太古街210号
鞍山,海城店,海城市海州区北关街红星委北顺城路37号
沈阳,长白店,沈阳市和平区南京南街201号
大庆,西宾店,大庆市让胡路区西宾路116号
阜新,细河店,阜新市细河区中华路63号
铁岭,开原店,开原市哈大路188号
沈阳,铁西店,沈阳市铁西区建设西路5号
辽阳,辽阳店,辽阳市白塔区新运大街105号
黑河,北安店,黑龙江省北安市上海路88号
沈阳,皇姑店,沈阳市皇姑区昆山西路2号12门
吉林,西山店,吉林市昌邑区珲春中街1508号商场
佳木斯,万新店,佳木斯市郊区万新街399号万新街与勤政路交口处西北角
白城,白城店,吉林省白城市新华西大路2号
鞍山,立山店,鞍山市立山区鞍千路90栋S27号
辽源,辽源店,辽源市龙山区人民大街640号（市公安局南侧）
阜新,海州店,阜新市海州区中华路128号矿工大街与中华路交汇
大庆,萨尔图店,大庆市萨尔图区经六街303号
双鸭山,双鸭山店,双鸭山市尖山区九阳路5号
盘锦,兴隆台店,盘锦市兴隆台区泰山北路75号
营口,大石桥店,辽宁省大石桥市朝阳路31号
牡丹江,牡丹江西安店,牡丹江西安区新安街西五条路246号
大连,泉水店,辽宁省大连市甘井子区泉水P5区18号
锦州,体育场店,锦州市凌河区解放路五段26号银河广场1号
哈尔滨,松北店,哈尔滨松北区世茂大道400号城市之星小区S1号综合体
鞍山,湖南街店,辽宁省鞍山市铁东区湖南街16号
哈尔滨,工农大街店,黑龙江省哈尔滨市道里区四方台大道456号
松原,哈萨尔店,松原市前郭县乌兰大街哈萨尔购物广场1幢1号-1层1号
长春,活力汇店,长春市朝阳区华光街588号活力汇购物中心
吉林,江南店,吉林市高新区深圳街顺隆阳光萃苑
大连,锦辉店,辽宁省大连高新技术产业园区黄浦路517号B1
沈阳,青年大街店,辽宁省沈阳市沈河区青年大街173号【B1层】【B101】
长春,摩天活力城店,长春市经济开发区卫星路1777号
齐齐哈尔,铁锋店,铁锋店 齐齐哈尔市润瑞商贸有限公齐齐哈尔市铁锋区红旗路与向晖北街交口
丹东,振兴店,丹东市振兴区锦山大街260号天赐未来城
武汉,江汉店,武汉市江汉区江汉路257号
长沙,芙蓉店,长沙市芙蓉区万家丽路188号
常德,常德店,常德市洞庭大道与朗州路交汇处
荆州,荆州店,荆州市沙市区江津中路204号
南昌,八一店,南昌市广场南路217号
兰州,兰州店,兰州市城关区雁滩路3113号
西安,大唐西市店,西安市莲湖区劳动南路1号
长沙,天心店,长沙天心区韶山南路828号
长沙,宁乡店,长沙宁乡县玉潭路与花明路交汇处
宝鸡,宝鸡店,宝鸡市金台大道28号
武汉,姑嫂树店,武汉市江汉区兴业路与姑嫂树交汇  (南国北都广场)
南昌,莲塘店,南昌县迎宾大道3699号107栋
眉山,眉山店,眉山市东坡区环湖东路二段100号
成都,都江堰店,都江堰市幸福大道与莲花南路交汇处东南处
岳阳,岳阳店,岳阳市岳阳楼区青年路与建湘路交汇处
怀化,怀化店,湖南怀化市人民南路与人民东路口
南充,正阳店,四川省南充市果州大道东侧
南充,蓝光店,南充市红光路与文峰街路口西南角
孝感,孝感店,湖北省孝感市槐荫大道193号
绵阳,绵阳店,绵阳市跃进路4号
成都,温江店,四川省成都市温江区南熏大道与乏
随州,随州店,随州市青年路与烈山大道交汇处
九江,九江店,江西省九江市九瑞大道53号
宜宾,宜宾店,四川省宜宾市翠屏区航天路与戎州路交界处
重庆,合川店,重庆市合川区交通街东侧(原体育)
南昌,五湖店,南昌市高新区青山湖大道199号
天门,天门店,天门市钟惺大道88号
乐山,峨眉山店,峨眉山市佛光东路润彩广场
南充,南部店,四川省南充市南部县红岩子大道西廷线与国道212线东南
抚州,金巢店,江西省抚州市青云峰路14号凤凰城三期商业C区101房
西宁,海湖店,青海省西宁市海湖新区五四西路与文汇路交汇处
荆州,荆沙店,湖北省荆州市荆州区北京西路508号（万达广场内）
长沙,浏阳店,湖南省浏阳市集里街道办事处石霜路与花炮大道汇处
银川,金凤店,银川市金凤区北京中路与通达南街交汇处
九江,浔南店,江西省九江市浔南大道与金凤路交汇处
吉安,吉安店,吉安市吉州大道与鹭洲路交汇处
重庆,荣昌店,重庆市荣昌区昌元街道宝龙路23号
重庆,璧山店,重庆市壁山区沿河西路南段88号
达州,渠县店,四川省达州市渠县小溪路和规划路交叉西南侧(渠县五小
长沙,雨花店,湖南省长沙市雨花区木莲路C-16地块
成都,武侯店,四川省成都市武侯区航空路10号2层
兰州,兰石店,七里河区瓜州路1226负一层
武汉,保利店,武汉东湖新技术开发区关山大道332号武汉保利广场B1
武汉,蔡甸店,武汉市凤凰山工业园凤凰路2号
成都,金牛店,成都市蜀汉路98号
成都,高新店,成都市高新区泰和一街88号
成都,华阳店,成都双流县华阳镇华府大道2段1号
成都,东升店,成都市双流县白衣上街177号
潮州,潮州店,广东省潮州市潮州大道中段奎元广场A区
中山,石岐店,中山市石歧区大信南路二号
佛山,顺德店,佛山市顺德区大良街道办事处近良居委会延年路8号
东莞,大朗店,东莞市大朗镇美景大道新世纪长盛广场3H01大福源
中山,小榄店,小榄镇升平路18号(小榄大信新都汇内)
海口,国贸店,海南省海口市明珠路八号宜兴商业广场负一楼
北海,海城店,海城区北海大道与北京路交汇处
广州,花都店,广州市花都区新华街龙珠路36号
东莞,长安店,东莞市长安镇乌沙振安中路2号
深圳,龙华店,深圳市龙华街道办和平东路与东环二路交界西南角
韶关,韶关店,韶关市解放路与熏风路交汇处(风度名城)
海口,国兴店,海南省海口市美兰区国兴大道63号
佛山,大沥店,佛山市南海区大沥镇广佛路与工业路交叉处东南角
厦门,厦门店,厦门市思明区体育路工人体育馆负一层
肇庆,肇庆店,广东省肇庆市端州四路10号星湖国际广场二、三层商场
江门,新会店,江门市新会南新区新港大道与新会大道交界处东南角
广州,新塘店,广州市增城市新塘镇港口大道北金海岸城市广场
广州,番禺店,广州市番禺区市桥桥南路与南华路交汇处
东莞,厚街店,东莞市厚街镇南环路与吉祥路交汇处盛和广场2020号
阳江,三环店,阳江市江城区工业一街2号
佛山,桂城店,佛山市南海区桂城叠南村圣堂618号二楼
漳州,漳州店,福建省漳州市新华北路与漳福路交汇处东北角
柳州,柳北店,广西省柳州市柳北区胜利路12-6号
东莞,樟木头店,广东省东莞市樟木头镇莞樟路与西城路交汇处天一城广场
泉州,晋江店,晋江市青阳街道翰林路99号-103号
广州,增城店,广州市增城市荔城镇府佑路98号
福州,金山店,福建省福州市仓山区建新镇金榕路与金达路交叉口东南角
西双版纳傣族自治州,西双版纳店,景洪市勐海路2号新大桥头南西双十二城大润发购物广场
清远,清远店,清远市清城区先锋东路与东湖路交界处锦绣清城广场一楼
深圳,民治店,深圳市龙华区民治街道民治大道与民旺路交汇处民治商务
江门,鹤山店,广东省江门市鹤山市沙坪镇鹤山大道625号
惠州,惠东店,广东省惠州市惠东县平山华侨城富星路3号
龙岩,龙岩店,龙岩大道与西陂路交界口西南角
泉州,安溪店,福建省泉州市安溪县城厢镇二环路与建安大道交汇处东北
佛山,三水店,佛山市三水区西南街道文锋东路2号三水恒福广场
泉州,洛江店,福建省泉州市洛江区安吉路与万盛街交叉口西南侧
东莞,虎门店,虎门镇规划路与连升路交汇处虎门国际购物中心负一层
福州,长乐店,福建省福州市长乐区航城街道广场南路888号永荣城市广
安顺,安顺店,贵州省安顺市黄果树大道与市府路交汇处西北侧
阳江,北环店,阳江市江城区北环路金源广场大润发超市
佛山,罗村店,佛山市南海区罗村街道罗村村委会金盛广场
韶关,乐昌店,韶关市乐昌市乐城街道人民中路
柳州,文惠桥店,柳州市屏山大道185号负一楼
昆明,官南店,云南省昆明市官渡区官南大道2169号
莆田,莆田店,福建省莆田市荔城区镇海街道八二一南街98号101室
佛山,高明店,广东省佛山市高明区荷城街道沧江路423号1座
钦州,钦州店,广西自治区钦州市南珠大道南面与沙井大道交汇处
泉州,惠安店,福建省惠安县世纪大道达利世纪酒店裙楼1-3层
中山,东凤店,广东省中山市东凤镇凤翔大道2号
六盘水,六盘水店,贵州省六盘水市钟山区钟山大道与钢城大道交汇处
中山,西区店,中山市西区富华道32号
玉林,玉林店,广西玉林市玉州区民主南路499号（民主南路与中港路交
三明,三明店,福建省三明市梅列区玫瑰新村86幢负一层至负二层
海口,龙昆南路店,海口市龙昆南路58号
黔西南布依族苗族自治州,兴义店,兴义市桔山路与规划路交汇处
泉州,世纪店,福建省晋江市世纪大道与长兴路交汇处
三明,尤溪店,尤溪县滨河大道与东一路交叉口东北角
韶关,南雄店,南雄市雄中路与青云东路交界处东北角
泉州,温陵店,泉州市鲤城区温陵北路与丰泽路交汇处东北角
遵义,南白店,贵州省遵义市播州区南白镇西大街乌江路交汇东南处
柳州,柳南店,柳州市航一路9号银海小区北区
黔南布依族苗族自治州,都匀店,贵州省黔南州都匀市文峰大龙大道迎宾路与环东路交叉口
梧州,梧州店,广西梧州市大学路36号
湛江,赤坎店,湛江市人民大道北6号南国豪苑商场一、二楼
中山,三乡店,中山市三乡镇大布村二塘围
南宁,西乡塘店,南宁市大学东路75号
三明,永安店,福建省三明市永安市含笑大道1188
北海,银海店,北海市四川南路与新世纪大道交汇处东南角
梅州,梅州店,梅州市梅江区江南办梅水路
福州,王庄店,福建省福州市晋安区长乐路东侧紫阳商贸中心1号楼二
云浮,罗定店,罗定市罗城镇龙园东路原罗定体育馆
中山,古镇店,中山市古镇镇新兴大道东大信新都汇大润发
遵义,红花岗店,贵州省遵义市红花岗区东欣大道处彩虹城
漳州,龙文店,福建省漳州市迎宾路12号锦绣一方商业广场
惠州,开城大道店,惠州市惠阳区淡水上杨村地段金碧蓝湾一期写字楼1层01
江门,开平店,广东省开平市东兴大道与325国道
佛山,龙江店,佛山市顺德区龙江镇龙洲西路99号碧桂园商业广场
昆明,广福店,云南省昆明市官渡区广福路与金源大道交汇处处春城时光
南平,建阳店,福建省建阳市人民西路与谭山大道交叉口西南侧
泉州,石狮店,福建省泉州市石狮市石金路与308省道的地块上
厦门,集美店,厦门市集美区同集南路68号美岁天地B101
泉州,鲤城店,福建省泉州市鲤城区新华北路与环城西路交汇处
泉州,安海店,福建省泉州市晋江市安海镇西垵村兴安路24-26号
昆明,安宁店,云南省滇中新区安宁市连然街201号
东莞,南城店,广东省东莞市南城街道莞太路南城段115号负1层101室
宁德,宁德店,福建省宁德市蕉城区蕉城南路101大润发国际广场A2幢
珠海,斗门店,珠海市斗门区井岸镇中兴中路328号大信新都汇斗门店
百色,百色店,广西百色市龙景新区那毕大道与广州西路交汇处西南角
东莞,长安霄边店,广东省东莞市长安镇霄边大街36号鼎峰商业广场负1号楼1
泉州,德化店,福建省泉州市德化县龙浔镇兴南街77号
昆明,海源店,昆明市高新区海源北路999号海源高新天地地下负一楼
贵港,贵港店,广西壮族自治区贵港市港北区江北中路292号客世界广场
东莞,寮步店,东莞市寮步镇香市路
梅州,兴宁店,兴宁市人民大道中139号
肇庆,怀集店,肇庆市怀集县怀城镇河南金鸡头城市广场花园商业区
赣州,赣州店(HN),江西省赣州市章贡区红旗大道94号
赣州,章江店(HN),江西省赣州市章贡区长冈路13号
东莞,东莞清溪店,广东省东莞市清溪镇鹿鸣路56号125铺
东莞,新悦广场店,广东省东莞市东坑镇东坑凤兴路8号新悦广场1号楼105室
茂名,高州店,高州市潘州街道桂圆东路五区66号潘州广场负一层0001号
珠海,融德店,珠海市香洲区永德街8号融德广场一层013号铺位
海口,海秀中路店,海口市龙华区海垦街道海秀中路71号王府井海垦广场B1层
三亚,三亚店,三亚市天涯区解放二路261号一方百货广场1F、2F、4F
广州,黄埔店(待开业）,广州市黄埔区开创大道2565号1001-3房、1001-4房
桂林,漓江店,广西壮族自治区桂林市七星区漓江路19号
